Date,year,Site name,Name,site.date.trap,month,Type,Treatment,Latitude,Longitude,Trap,Coho CPUT,Coho < 70 mm,Coho > 70 mm,Chinook,pH,Conductivity,velocity_ft_s,velocity_m_s,total_depth,water_depth,Temp,DO,ice_thickness,mainstream_distance,substrate
2/24/2015,2015,Chulitna Slough,Chulitna slough beaver pond,Chulitna Slough_beaver pond_42059_1,Feb,Upland Slough BP,beaver pond,62.35786,-150.175,1,0,0,0,0,7.09,88.6,0,0,50,50,3.1,3.97,0,766,silt
2/24/2015,2015,Chulitna Slough,Chulitna slough beaver pond,Chulitna Slough_beaver pond_42059_2,Feb,Upland Slough BP,beaver pond,62.35786,-150.175,2,1,0,1,0,6.91,84.3,0,0,120,110,1.8,3.78,10,766,silt
2/24/2015,2015,Chulitna Slough,Chulitna slough beaver pond,Chulitna Slough_beaver pond_42059_3,Feb,Upland Slough BP,beaver pond,62.35786,-150.175,3,3,2,1,0,6.83,83.6,0,0,80,70,1.9,3.76,10,766,silt
2/24/2015,2015,Chulitna Slough,Chulitna slough beaver pond,Chulitna Slough_beaver pond_42059_4,Feb,Upland Slough BP,beaver pond,62.35786,-150.175,4,6,3,3,0,6.77,83.3,0,0,60,58,1.8,3.61,2,766,silt
2/24/2015,2015,Chulitna Slough,Chulitna slough beaver pond,Chulitna Slough_beaver pond_42059_5,Feb,Upland Slough BP,beaver pond,62.35786,-150.175,5,9,5,4,0,6.83,86.7,0,0,80,80,1.7,3.63,0,766,silt
2/24/2015,2015,Chulitna Slough,Chulitna slough beaver pond,Chulitna Slough_beaver pond_42059_6,Feb,Upland Slough BP,beaver pond,62.35786,-150.175,6,29,12,17,0,6.79,81.8,0,0,93,93,1.9,3.47,0,766,silt
2/24/2015,2015,Chulitna Slough,Chulitna slough beaver pond,Chulitna Slough_beaver pond_42059_7,Feb,Upland Slough BP,beaver pond,62.35786,-150.175,7,15,5,10,0,6.78,81.3,0,0,48,48,1.9,3.61,0,766,silt
2/24/2015,2015,Chulitna Slough,Chulitna slough beaver pond,Chulitna Slough_beaver pond_42059_8,Feb,Upland Slough BP,beaver pond,62.35786,-150.175,8,8,3,5,0,6.79,79.6,0,0,70,65,1.6,3.79,5,766,silt
2/24/2015,2015,Chulitna Slough,Chulitna slough beaver pond,Chulitna Slough_beaver pond_42059_9,Feb,Upland Slough BP,beaver pond,62.35786,-150.175,9,2,0,2,0,6.78,82.7,0,0,130,120,1.7,3.78,10,766,silt
2/24/2015,2015,Chulitna Slough,Chulitna slough beaver pond,Chulitna Slough_beaver pond_42059_10,Feb,Upland Slough BP,beaver pond,62.35786,-150.175,10,0,0,0,0,6.77,80.4,0,0,50,50,1.7,3.9,0,766,silt
2/25/2015,2015,Chulitna Slough,Chulitna slough below beaver pond,Chulitna Slough_reference_42060_1,Feb,Upland Slough,reference,62.35776,-150.175,1,10,1,9,9,6.89,82.4,0.09,0.027432,55,55,1.7,4.77,0,750,silt
2/25/2015,2015,Chulitna Slough,Chulitna slough below beaver pond,Chulitna Slough_reference_42060_2,Feb,Upland Slough,reference,62.35776,-150.175,2,6,1,5,0,6.5,83.3,0,0,45,45,1.6,5.03,0,750,silt
2/25/2015,2015,Chulitna Slough,Chulitna slough below beaver pond,Chulitna Slough_reference_42060_3,Feb,Upland Slough,reference,62.35776,-150.175,3,5,4,1,1,6.58,84.2,0,0,34,34,1.6,4.91,0,750,silt
2/25/2015,2015,Chulitna Slough,Chulitna slough below beaver pond,Chulitna Slough_reference_42060_4,Feb,Upland Slough,reference,62.35776,-150.175,4,0,0,0,0,6.65,83.1,0,0,68,65,1.5,4.95,3,750,silt
2/25/2015,2015,Chulitna Slough,Chulitna slough below beaver pond,Chulitna Slough_reference_42060_5,Feb,Upland Slough,reference,62.35776,-150.175,5,9,1,8,2,6.56,82.9,0,0,63,60,1.6,5.03,3,750,silt
2/25/2015,2015,Chulitna Slough,Chulitna slough below beaver pond,Chulitna Slough_reference_42060_6,Feb,Upland Slough,reference,62.35776,-150.175,6,11,0,11,2,6.75,82.8,0,0,40,37,1.6,4.85,3,750,silt
2/25/2015,2015,Chulitna Slough,Chulitna slough below beaver pond,Chulitna Slough_reference_42060_7,Feb,Upland Slough,reference,62.35776,-150.175,7,12,1,11,4,6.8,82.3,0,0,78,75,1.7,4.96,3,750,silt
2/25/2015,2015,Chulitna Slough,Chulitna slough below beaver pond,Chulitna Slough_reference_42060_8,Feb,Upland Slough,reference,62.35776,-150.175,8,11,1,10,0,6.7,82.9,0,0,65,60,1.6,5.6,5,750,silt
2/25/2015,2015,Chulitna Slough,Chulitna slough below beaver pond,Chulitna Slough_reference_42060_9,Feb,Upland Slough,reference,62.35776,-150.175,9,8,0,8,2,6.63,82.7,0,0,72,70,1.6,5.45,2,750,silt
2/25/2015,2015,Chulitna Slough,Chulitna slough below beaver pond,Chulitna Slough_reference_42060_10,Feb,Upland Slough,reference,62.35776,-150.175,10,2,0,2,0,6.61,84.6,0,0,42,40,1.7,5.71,2,750,silt
2/21/2016,2016,FA-138 Side Slough,FA-138 Side Slough 1,FA-138 Side Slough_reference_42421_1,Feb,Side Slough,reference,62.75463,-149.708,1,2,2,0,1,6.59,305.6,0.11,0.033528,30,30,1.1,11.45,0,137,gravel/cobble
2/21/2016,2016,FA-138 Side Slough,FA-138 Side Slough 1,FA-138 Side Slough_reference_42421_2,Feb,Side Slough,reference,62.75463,-149.708,2,2,2,0,0,7.17,308.2,0.18,0.054864,33.5,33.5,1.3,11.09,0,137,gravel/cobble
2/21/2016,2016,FA-138 Side Slough,FA-138 Side Slough 1,FA-138 Side Slough_reference_42421_3,Feb,Side Slough,reference,62.75463,-149.708,3,1,1,0,0,7.31,271.6,0.02,0.006096,35,35,1.5,10.93,0,137,silt/gravel
2/21/2016,2016,FA-138 Side Slough,FA-138 Side Slough 1,FA-138 Side Slough_reference_42421_4,Feb,Side Slough,reference,62.75463,-149.708,4,0,0,0,0,7.35,292.4,0.03,0.009144,25,25,1.4,11.22,0,137,silt/gravel
2/21/2016,2016,FA-138 Side Slough,FA-138 Side Slough 1,FA-138 Side Slough_reference_42421_5,Feb,Side Slough,reference,62.75463,-149.708,5,1,1,0,0,7.14,303.6,0.05,0.01524,70,70,1.8,10.95,0,137,silt/gravel
2/21/2016,2016,FA-138 Side Slough,FA-138 Side Slough 1,FA-138 Side Slough_reference_42421_6,Feb,Side Slough,reference,62.75463,-149.708,6,4,4,0,2,7.44,300.6,0.05,0.01524,65,63,2.3,10.98,2,137,silt/gravel
2/21/2016,2016,FA-138 Side Slough,FA-138 Side Slough 1,FA-138 Side Slough_reference_42421_7,Feb,Side Slough,reference,62.75463,-149.708,7,0,0,0,0,7.51,267.7,0.01,0.003048,40,40,2.5,11.07,0,137,silt/gravel
2/21/2016,2016,FA-138 Side Slough,FA-138 Side Slough 1,FA-138 Side Slough_reference_42421_8,Feb,Side Slough,reference,62.75463,-149.708,8,5,5,0,0,7.55,279.7,0.01,0.003048,60,58,2.7,10.62,2,137,silt
2/21/2016,2016,FA-138 Side Slough,FA-138 Side Slough 1,FA-138 Side Slough_reference_42421_9,Feb,Side Slough,reference,62.75463,-149.708,9,6,5,1,0,7.46,290.3,0.02,0.006096,65,60,2,10.08,5,137,silt/gravel
2/21/2016,2016,FA-138 Side Slough,FA-138 Side Slough 1,FA-138 Side Slough_reference_42421_10,Feb,Side Slough,reference,62.75463,-149.708,10,0,0,0,0,7.46,295,0.05,0.01524,85,80,2.3,10.84,5,137,silt/gravel
2/21/2016,2016,FA-138 Side Slough,FA-138 Side Slough 2,FA-138 Side Slough_beaver pond_42421_1,Feb,Side Slough BP,beaver pond,62.75591,-150.147,1,12,0,12,0,7.37,310.9,0,0,85,75,1.3,10.22,10,302,shrub/macrophytes/silt
2/21/2016,2016,FA-138 Side Slough,FA-138 Side Slough 2,FA-138 Side Slough_beaver pond_42421_2,Feb,Side Slough BP,beaver pond,62.75591,-150.147,2,2,0,2,0,7.38,305.6,0.04,0.012192,58,53,1.3,10.87,5,302,macrophytes/gravel
2/21/2016,2016,FA-138 Side Slough,FA-138 Side Slough 2,FA-138 Side Slough_beaver pond_42421_3,Feb,Side Slough BP,beaver pond,62.75591,-150.147,3,0,0,0,0,7.39,303.1,0.02,0.006096,50,32,1.2,10.74,18,302,gravel/silt
2/21/2016,2016,FA-138 Side Slough,FA-138 Side Slough 2,FA-138 Side Slough_beaver pond_42421_4,Feb,Side Slough BP,beaver pond,62.75591,-150.147,4,3,0,3,0,7.36,304.1,0.2,0.06096,0,0,1.2,10.44,35,302,macrophytes/gravel
2/21/2016,2016,FA-138 Side Slough,FA-138 Side Slough 2,FA-138 Side Slough_beaver pond_42421_5,Feb,Side Slough BP,beaver pond,62.75591,-150.147,5,0,0,0,0,7.39,308.8,0.02,0.006096,90,30,1.1,10.54,60,302,gravel/silt
2/21/2016,2016,FA-138 Side Slough,FA-138 Side Slough 2,FA-138 Side Slough_beaver pond_42421_6,Feb,Side Slough BP,beaver pond,62.75591,-150.147,6,0,0,0,0,7.85,307.8,0,0,0,0,1.1,10.34,35,302,macrophytes/shrub/silt
2/21/2016,2016,FA-138 Side Slough,FA-138 Side Slough 2,FA-138 Side Slough_beaver pond_42421_7,Feb,Side Slough BP,beaver pond,62.75591,-150.147,7,4,0,4,0,7.37,308.4,0.01,0.003048,115,80,1.1,10.41,35,302,shrub/macrophytes/silt
2/21/2016,2016,FA-138 Side Slough,FA-138 Side Slough 2,FA-138 Side Slough_beaver pond_42421_8,Feb,Side Slough BP,beaver pond,62.75591,-150.147,8,0,0,0,0,7.36,309.5,0,0,0,0,1.2,10.52,40,302,cobbel/silt
2/21/2016,2016,FA-138 Side Slough,FA-138 Side Slough 2,FA-138 Side Slough_beaver pond_42421_9,Feb,Side Slough BP,beaver pond,62.75591,-150.147,9,1,0,1,0,7.36,308.6,0,0,105,90,1.2,10.62,15,302,gravel/macrophytes
2/21/2016,2016,FA-138 Side Slough,FA-138 Side Slough 2,FA-138 Side Slough_beaver pond_42421_10,Feb,Side Slough BP,beaver pond,62.75591,-150.147,10,0,0,0,0,7.39,308.2,0,0,95,92,1.4,10.85,3,302,silt/gravel/macrophytes
2/10/2015,2015,Slough 6A,Slough 6A beaver pond,Slough 6A_beaver pond_42045_1,Feb,Upland Slough BP,beaver pond,62.51722,-150.124,1,0,0,0,0,6.82,38.2,0,0,124,49,0.1,0.68,75,413,silt
2/10/2015,2015,Slough 6A,Slough 6A beaver pond,Slough 6A_beaver pond_42045_2,Feb,Upland Slough BP,beaver pond,62.51722,-150.124,2,0,0,0,0,6.77,36.6,0,0,130,50,0.3,0.44,80,413,silt
2/10/2015,2015,Slough 6A,Slough 6A beaver pond,Slough 6A_beaver pond_42045_3,Feb,Upland Slough BP,beaver pond,62.51722,-150.124,3,0,0,0,0,6.44,37.3,0,0,140,70,0.3,0.7,70,413,silt
2/10/2015,2015,Slough 6A,Slough 6A beaver pond,Slough 6A_beaver pond_42045_4,Feb,Upland Slough BP,beaver pond,62.51722,-150.124,4,0,0,0,0,6.35,37.3,0,0,160,90,0.3,0.47,70,413,silt
2/10/2015,2015,Slough 6A,Slough 6A beaver pond,Slough 6A_beaver pond_42045_5,Feb,Upland Slough BP,beaver pond,62.51722,-150.124,5,0,0,0,0,6.36,36.3,0,0,155,83,0.4,0.88,72,413,silt
2/10/2015,2015,Slough 6A,Slough 6A beaver pond,Slough 6A_beaver pond_42045_6,Feb,Upland Slough BP,beaver pond,62.51722,-150.124,6,0,0,0,0,6.28,36.5,0,0,136,53,0.3,1.39,83,413,silt
2/10/2015,2015,Slough 6A,Slough 6A beaver pond,Slough 6A_beaver pond_42045_7,Feb,Upland Slough BP,beaver pond,62.51722,-150.124,7,1,0,1,0,6.24,37.3,0,0,133,53,0.4,0.78,80,413,silt
2/10/2015,2015,Slough 6A,Slough 6A beaver pond,Slough 6A_beaver pond_42045_8,Feb,Upland Slough BP,beaver pond,62.51722,-150.124,8,1,0,1,0,6.32,36.7,0,0,135,57,0.3,2.08,78,413,silt/cobble
2/10/2015,2015,Slough 6A,Slough 6A beaver pond,Slough 6A_beaver pond_42045_9,Feb,Upland Slough BP,beaver pond,62.51722,-150.124,9,1,0,1,0,6.27,36.6,0,0,130,45,0.5,1.7,85,413,silt/cobble
2/10/2015,2015,Slough 6A,Slough 6A beaver pond,Slough 6A_beaver pond_42045_10,Feb,Upland Slough BP,beaver pond,62.51722,-150.124,10,3,1,2,0,6.25,36.8,0,0,128,48,0.4,1.71,80,413,silt/cobble
2/10/2015,2015,Slough 6A,Slough 6A below beaver pond,Slough 6A_reference_42045_1,Feb,Upland Slough BP,reference,62.51606,-150.12434,1,0,0,0,0,6.72,26.6,0,0,83,38,0.3,11.83,45,262,silt
2/10/2015,2015,Slough 6A,Slough 6A below beaver pond,Slough 6A_reference_42045_2,Feb,Upland Slough BP,reference,62.51606,-150.12434,2,0,0,0,0,6.97,24.3,0,0,132,67,0.1,11.96,65,262,silt
2/10/2015,2015,Slough 6A,Slough 6A below beaver pond,Slough 6A_reference_42045_3,Feb,Upland Slough BP,reference,62.51606,-150.12434,3,0,0,0,0,6.96,21.3,0,0,150,90,0.1,11.32,60,262,silt
2/10/2015,2015,Slough 6A,Slough 6A below beaver pond,Slough 6A_reference_42045_4,Feb,Upland Slough BP,reference,62.51606,-150.12434,4,0,0,0,0,6.87,29.5,0,0,145,90,0.2,11.65,55,262,silt
2/10/2015,2015,Slough 6A,Slough 6A below beaver pond,Slough 6A_reference_42045_5,Feb,Upland Slough BP,reference,62.51606,-150.12434,5,0,0,0,0,6.83,32,0,0,150,78,0.2,11.48,72,262,silt
2/10/2015,2015,Slough 6A,Slough 6A below beaver pond,Slough 6A_reference_42045_6,Feb,Upland Slough BP,reference,62.51606,-150.12434,6,0,0,0,0,6.84,27.9,0,0,145,75,0.2,11.96,70,262,silt
2/10/2015,2015,Slough 6A,Slough 6A below beaver pond,Slough 6A_reference_42045_7,Feb,Upland Slough BP,reference,62.51606,-150.12434,7,0,0,0,0,6.86,34.4,0,0,150,83,0.1,12.05,67,262,silt
2/10/2015,2015,Slough 6A,Slough 6A below beaver pond,Slough 6A_reference_42045_8,Feb,Upland Slough BP,reference,62.51606,-150.12434,8,0,0,0,0,6.86,35.1,0,0,125,55,0.1,11.77,70,262,silt
2/10/2015,2015,Slough 6A,Slough 6A below beaver pond,Slough 6A_reference_42045_9,Feb,Upland Slough BP,reference,62.51606,-150.12434,9,0,0,0,0,6.89,35.2,0,0,131,56,0.2,11.7,75,262,silt
2/10/2015,2015,Slough 6A,Slough 6A below beaver pond,Slough 6A_reference_42045_10,Feb,Upland Slough BP,reference,62.51606,-150.12434,10,0,0,0,0,6.85,30.3,0,0,130,53,0,11.68,77,262,silt
2/5/2016,2016,Slough 8A,Upper 8A,Slough 8A_beaver pond_42405_1,Feb,Side Slough BP,beaver pond,62.66778,-149.887,1,4,4,0,1,7.78,175.4,0.02,0.006096,80,75,2.4,8.56,5,833,0
2/5/2016,2016,Slough 8A,Upper 8A,Slough 8A_beaver pond_42405_2,Feb,Side Slough BP,beaver pond,62.66778,-149.887,2,0,0,0,0,7.4,179.4,0.02,0.006096,140,135,2.7,7.75,5,833,cobble 
2/5/2016,2016,Slough 8A,Upper 8A,Slough 8A_beaver pond_42405_3,Feb,Side Slough BP,beaver pond,62.66778,-149.887,3,0,0,0,0,7.24,115.5,0.01,0.003048,30,25,3.4,6.05,5,833,silt/cobble
2/5/2016,2016,Slough 8A,Upper 8A,Slough 8A_beaver pond_42405_4,Feb,Side Slough BP,beaver pond,62.66778,-149.887,4,0,0,0,0,7.23,178.3,0,0,140,135,2.1,7.3,5,833,silt/gravel
2/5/2016,2016,Slough 8A,Upper 8A,Slough 8A_beaver pond_42405_5,Feb,Side Slough BP,beaver pond,62.66778,-149.887,5,1,0,1,0,7.14,179.3,0,0,63,53,2.2,7.4,10,833,0
2/5/2016,2016,Slough 8A,Upper 8A,Slough 8A_beaver pond_42405_6,Feb,Side Slough BP,beaver pond,62.66778,-149.887,6,0,0,0,0,7.23,176.5,0,0,132,127,2.1,7.42,5,833,gravel
2/5/2016,2016,Slough 8A,Upper 8A,Slough 8A_beaver pond_42405_7,Feb,Side Slough BP,beaver pond,62.66778,-149.887,7,1,0,1,0,7.31,180.3,0,0,90,80,2.2,7.64,10,833,0
2/5/2016,2016,Slough 8A,Upper 8A,Slough 8A_beaver pond_42405_8,Feb,Side Slough BP,beaver pond,62.66778,-149.887,8,1,0,1,0,7.26,179.9,0,0,80,63,2.1,7.44,17,833,gravel/cobble
2/5/2016,2016,Slough 8A,Upper 8A,Slough 8A_beaver pond_42405_9,Feb,Side Slough BP,beaver pond,62.66778,-149.887,9,3,1,2,0,7.62,177.8,0,0,67,57,1.9,7.04,10,833,0
2/5/2016,2016,Slough 8A,Upper 8A,Slough 8A_beaver pond_42405_10,Feb,Side Slough BP,beaver pond,62.66778,-149.887,10,4,3,1,2,7.42,166.8,0,0,40,30,2,7.1,10,833,cobble
2/4/2016,2016,Slough 8A,Slough 8A,Slough 8A_reference_42404_1,Feb,Side Slough BP,reference,62.39743,-149.55006,1,0,0,0,0,8.22,266.7,0.62,0.188976,40,40,0.7,12.59,0,1810,silt
2/4/2016,2016,Slough 8A,Slough 8A,Slough 8A_reference_42404_2,Feb,Side Slough BP,reference,62.39743,-149.55006,2,0,0,0,0,7.55,252.6,0.03,0.009144,43,43,2.2,11.41,0,1810,silt/gravel
2/4/2016,2016,Slough 8A,Slough 8A,Slough 8A_reference_42404_3,Feb,Side Slough BP,reference,62.39743,-149.55006,3,0,0,0,0,7.61,264.4,0.07,0.021336,45,45,1,12.26,0,1810,silt/cobble
2/4/2016,2016,Slough 8A,Slough 8A,Slough 8A_reference_42404_4,Feb,Side Slough BP,reference,62.39743,-149.55006,4,0,0,0,0,7.56,262.3,0.07,0.021336,27,27,1.1,12.64,0,1810,silt/cobble
2/4/2016,2016,Slough 8A,Slough 8A,Slough 8A_reference_42404_5,Feb,Side Slough BP,reference,62.39743,-149.55006,5,0,0,0,0,7.49,255.1,0.06,0.018288,32,32,1.9,11.93,0,1810,silt/cobble
2/4/2016,2016,Slough 8A,Slough 8A,Slough 8A_reference_42404_6,Feb,Side Slough BP,reference,62.39743,-149.55006,6,0,0,0,0,7.49,258.8,0.08,0.024384,20,20,1.6,12.13,0,1810,silt/gravel
2/4/2016,2016,Slough 8A,Slough 8A,Slough 8A_reference_42404_7,Feb,Side Slough BP,reference,62.39743,-149.55006,7,0,0,0,0,7.64,259.8,0.23,0.070104,25,25,1.5,12.44,0,1810,silt
2/4/2016,2016,Slough 8A,Slough 8A,Slough 8A_reference_42404_8,Feb,Side Slough BP,reference,62.39743,-149.55006,8,0,0,0,0,7.42,261.5,0.18,0.054864,40,40,1.4,12.25,0,1810,silt/cobble
2/4/2016,2016,Slough 8A,Slough 8A,Slough 8A_reference_42404_9,Feb,Side Slough BP,reference,62.39743,-149.55006,9,0,0,0,0,7.35,263.5,0.36,0.109728,35,35,1.1,12.8,0,1810,silt/gravel
2/4/2016,2016,Slough 8A,Slough 8A,Slough 8A_reference_42404_10,Feb,Side Slough BP,reference,62.39743,-149.55006,10,0,0,0,0,6.78,262.1,0.35,0.10668,65,65,1.2,12.74,0,1810,silt/gravel
2/17/2015,2015,Susitna Side Slough near Whiskers,Whisker's beaver pond,Susitna Side Slough near Whiskers_beaver pond_42052_1,Feb,Side Slough BP,beaver pond,62.38137,-150.164,1,1,0,1,0,7.09,61,0,0,95,68,2.3,7.13,27,250,silt
2/17/2015,2015,Susitna Side Slough near Whiskers,Whisker's beaver pond,Susitna Side Slough near Whiskers_beaver pond_42052_2,Feb,Side Slough BP,beaver pond,62.38137,-150.164,2,0,0,0,0,7.02,60.7,0,0,95,68,2.3,7.32,27,250,silt
2/17/2015,2015,Susitna Side Slough near Whiskers,Whisker's beaver pond,Susitna Side Slough near Whiskers_beaver pond_42052_3,Feb,Side Slough BP,beaver pond,62.38137,-150.164,3,0,0,0,0,7,60.6,0,0,90,65,2.2,7.39,25,250,silt
2/17/2015,2015,Susitna Side Slough near Whiskers,Whisker's beaver pond,Susitna Side Slough near Whiskers_beaver pond_42052_4,Feb,Side Slough BP,beaver pond,62.38137,-150.164,4,2,1,1,2,7.02,60.4,0,0,65,43,2.2,7.28,22,250,silt
2/17/2015,2015,Susitna Side Slough near Whiskers,Whisker's beaver pond,Susitna Side Slough near Whiskers_beaver pond_42052_5,Feb,Side Slough BP,beaver pond,62.38137,-150.164,5,0,0,0,1,7,60.5,0,0,65,65,2.1,7.42,0,250,silt
2/17/2015,2015,Susitna Side Slough near Whiskers,Whisker's beaver pond,Susitna Side Slough near Whiskers_beaver pond_42052_6,Feb,Side Slough BP,beaver pond,62.38137,-150.164,6,0,0,0,2,6.98,60.7,0,0,40,40,2.1,7.29,0,250,silt/cobble
2/17/2015,2015,Susitna Side Slough near Whiskers,Whisker's beaver pond,Susitna Side Slough near Whiskers_beaver pond_42052_7,Feb,Side Slough BP,beaver pond,62.38137,-150.164,7,0,0,0,0,7.01,60.3,0,0,55,40,2.1,7.41,15,250,silt
2/17/2015,2015,Susitna Side Slough near Whiskers,Whisker's beaver pond,Susitna Side Slough near Whiskers_beaver pond_42052_8,Feb,Side Slough BP,beaver pond,62.38137,-150.164,8,5,0,5,0,7.02,60.7,0,0,85,65,2.2,7.22,20,250,silt/cobble
2/17/2015,2015,Susitna Side Slough near Whiskers,Whisker's beaver pond,Susitna Side Slough near Whiskers_beaver pond_42052_9,Feb,Side Slough BP,beaver pond,62.38137,-150.164,9,5,2,3,0,7.03,60.8,0,0,93,65,2.1,7.17,28,250,silt/cobble
2/17/2015,2015,Susitna Side Slough near Whiskers,Whisker's beaver pond,Susitna Side Slough near Whiskers_beaver pond_42052_10,Feb,Side Slough BP,beaver pond,62.38137,-150.164,10,4,0,4,1,7.01,60.8,0,0,100,72,2.2,7.19,28,250,silt/cobble
2/17/2015,2015,Susitna Side Slough near Whiskers,Whisker's below beaver pond,Susitna Side Slough near Whiskers_reference_42052_1,Feb,Side Slough,reference,62.37966,-150.163,1,1,0,1,0,7.22,61.1,0,0,22.5,22.5,2.1,8.82,0,5,silt
2/17/2015,2015,Susitna Side Slough near Whiskers,Whisker's below beaver pond,Susitna Side Slough near Whiskers_reference_42052_2,Feb,Side Slough,reference,62.37966,-150.163,2,2,1,1,0,7.1,60.8,0.68,0.207264,21,21,2.1,8.6,0,5,gravel/cobble
2/17/2015,2015,Susitna Side Slough near Whiskers,Whisker's below beaver pond,Susitna Side Slough near Whiskers_reference_42052_3,Feb,Side Slough,reference,62.37966,-150.163,3,3,2,1,0,7.06,61.6,0.14,0.042672,47.5,47.5,2.1,8.54,0,5,silt/cobble
2/17/2015,2015,Susitna Side Slough near Whiskers,Whisker's below beaver pond,Susitna Side Slough near Whiskers_reference_42052_4,Feb,Side Slough,reference,62.37966,-150.163,4,0,0,0,0,7.13,61.7,0.2,0.06096,20,20,2.1,8.4,0,5,silt
2/17/2015,2015,Susitna Side Slough near Whiskers,Whisker's below beaver pond,Susitna Side Slough near Whiskers_reference_42052_5,Feb,Side Slough,reference,62.37966,-150.163,5,0,0,0,0,7.1,61.1,0.14,0.042672,45,45,2.2,8.2,0,5,silt
2/17/2015,2015,Susitna Side Slough near Whiskers,Whisker's below beaver pond,Susitna Side Slough near Whiskers_reference_42052_6,Feb,Side Slough,reference,62.37966,-150.163,6,1,0,1,0,7.16,61.9,0,0,45,45,2.1,8.06,0,5,silt
2/17/2015,2015,Susitna Side Slough near Whiskers,Whisker's below beaver pond,Susitna Side Slough near Whiskers_reference_42052_7,Feb,Side Slough,reference,62.37966,-150.163,7,2,2,0,0,7.11,60.7,0.09,0.027432,40,40,2.1,8.6,0,5,silt
2/17/2015,2015,Susitna Side Slough near Whiskers,Whisker's below beaver pond,Susitna Side Slough near Whiskers_reference_42052_8,Feb,Side Slough,reference,62.37966,-150.163,8,0,0,0,1,7.16,58.2,0.16,0.048768,33,33,2.2,8.61,0,5,silt
2/17/2015,2015,Susitna Side Slough near Whiskers,Whisker's below beaver pond,Susitna Side Slough near Whiskers_reference_42052_9,Feb,Side Slough,reference,62.37966,-150.163,9,0,0,0,1,7.12,60.9,0.06,0.018288,50,50,2.2,8.82,0,5,silt
2/17/2015,2015,Susitna Side Slough near Whiskers,Whisker's below beaver pond,Susitna Side Slough near Whiskers_reference_42052_10,Feb,Side Slough,reference,62.37966,-150.163,10,1,1,0,1,7.12,61.1,0.03,0.009144,37,37,2,8.83,0,5,silt/cobble
1/25/2016,2016,Whiskers Creek Side Slough,Whisker's Slough 1,Whiskers Creek Side Slough_beaver pond_42394_1,Jan,Side Slough BP,beaver pond,62.37841,-150.169,1,80,62,18,2,6.37,99.8,0,0,35,30,1.1,8.47,5,510,gravel/silt
1/25/2016,2016,Whiskers Creek Side Slough,Whisker's Slough 1,Whiskers Creek Side Slough_beaver pond_42394_2,Jan,Side Slough BP,beaver pond,62.37841,-150.169,2,43,26,17,0,3.35,100.8,0.04,0.012192,80,70,1.2,8.27,10,510,gravel/silt
1/25/2016,2016,Whiskers Creek Side Slough,Whisker's Slough 1,Whiskers Creek Side Slough_beaver pond_42394_3,Jan,Side Slough BP,beaver pond,62.37841,-150.169,3,29,9,20,0,6.43,99.6,0.02,0.006096,105,70,1,8.37,35,510,gravel/silt
1/25/2016,2016,Whiskers Creek Side Slough,Whisker's Slough 1,Whiskers Creek Side Slough_beaver pond_42394_4,Jan,Side Slough BP,beaver pond,62.37841,-150.169,4,39,17,22,0,6.48,100.2,0,0,110,70,1.1,8.42,40,510,gravel/silt
1/25/2016,2016,Whiskers Creek Side Slough,Whisker's Slough 1,Whiskers Creek Side Slough_beaver pond_42394_5,Jan,Side Slough BP,beaver pond,62.37841,-150.169,5,17,3,14,0,6.5,99.8,0.03,0.009144,115,75,1.1,8.17,40,510,gravel/silt
1/25/2016,2016,Whiskers Creek Side Slough,Whisker's Slough 1,Whiskers Creek Side Slough_beaver pond_42394_6,Jan,Side Slough BP,beaver pond,62.37841,-150.169,6,26,21,5,0,6.79,99.8,0.01,0.003048,90,55,1.1,8.71,35,510,gravel/silt
1/25/2016,2016,Whiskers Creek Side Slough,Whisker's Slough 1,Whiskers Creek Side Slough_beaver pond_42394_7,Jan,Side Slough BP,beaver pond,62.37841,-150.169,7,14,9,5,0,6.79,99.9,0.03,0.009144,105,60,1,8.04,45,510,gravel/silt
1/25/2016,2016,Whiskers Creek Side Slough,Whisker's Slough 1,Whiskers Creek Side Slough_beaver pond_42394_8,Jan,Side Slough BP,beaver pond,62.37841,-150.169,8,13,11,2,0,6.77,99.8,0.02,0.006096,85,45,1,8.1,40,510,gravel/silt
1/25/2016,2016,Whiskers Creek Side Slough,Whisker's Slough 1,Whiskers Creek Side Slough_beaver pond_42394_9,Jan,Side Slough BP,beaver pond,62.37841,-150.169,9,5,2,3,0,6.79,99.7,0.02,0.006096,70,30,1,7.94,40,510,gravel/silt
1/25/2016,2016,Whiskers Creek Side Slough,Whisker's Slough 1,Whiskers Creek Side Slough_beaver pond_42394_10,Jan,Side Slough BP,beaver pond,62.37841,-150.169,10,9,5,4,1,6.83,99.7,0,0,55,30,0.9,8.1,25,510,silt
2/10/2016,2016,Whiskers Creek Side Slough,Whisker's Creek Trib Mouth,Whiskers Creek Side Slough_reference_42410_1,Feb,Tribuary Mouth,reference,62.3743,-150.168,1,0,0,0,1,6.14,41.9,0.12,0.036576,35,30,0.2,14.22,5,0,gravel
2/10/2016,2016,Whiskers Creek Side Slough,Whisker's Creek Trib Mouth,Whiskers Creek Side Slough_reference_42410_2,Feb,Tribuary Mouth,reference,62.3743,-150.168,2,3,2,1,0,6.17,42,0.01,0.003048,35,30,0.2,13.88,5,0,gravel
2/10/2016,2016,Whiskers Creek Side Slough,Whisker's Creek Trib Mouth,Whiskers Creek Side Slough_reference_42410_3,Feb,Tribuary Mouth,reference,62.3743,-150.168,3,0,0,0,1,6.27,41.3,0.2,0.06096,40,35,0.2,13.72,5,0,gravel
2/10/2016,2016,Whiskers Creek Side Slough,Whisker's Creek Trib Mouth,Whiskers Creek Side Slough_reference_42410_4,Feb,Tribuary Mouth,reference,62.3743,-150.168,4,0,0,0,0,6.29,42.9,0,0,35,30,0.1,13.6,5,0,gravel
2/10/2016,2016,Whiskers Creek Side Slough,Whisker's Creek Trib Mouth,Whiskers Creek Side Slough_reference_42410_5,Feb,Tribuary Mouth,reference,62.3743,-150.168,5,7,0,7,2,6.3,42.7,0.11,0.033528,60,55,0.2,13.34,5,0,silt
2/10/2016,2016,Whiskers Creek Side Slough,Whisker's Creek Trib Mouth,Whiskers Creek Side Slough_reference_42410_6,Feb,Tribuary Mouth,reference,62.3743,-150.168,6,0,0,0,0,6.35,42.7,0,0,60,35,0.2,13.35,25,0,silt
2/10/2016,2016,Whiskers Creek Side Slough,Whisker's Creek Trib Mouth,Whiskers Creek Side Slough_reference_42410_7,Feb,Tribuary Mouth,reference,62.3743,-150.168,7,2,0,2,0,6.42,40.5,0,0,30,10,0.2,13.15,20,0,silt
2/10/2016,2016,Whiskers Creek Side Slough,Whisker's Creek Trib Mouth,Whiskers Creek Side Slough_reference_42410_8,Feb,Tribuary Mouth,reference,62.3743,-150.168,8,1,0,1,0,6.44,40.9,0.04,0.012192,35,30,0.2,13.56,5,0,silt/gravel
2/10/2016,2016,Whiskers Creek Side Slough,Whisker's Creek Trib Mouth,Whiskers Creek Side Slough_reference_42410_9,Feb,Tribuary Mouth,reference,62.3743,-150.168,9,1,0,1,0,6.45,41.2,0.05,0.01524,55,45,0.1,13.06,10,0,silt
2/10/2016,2016,Whiskers Creek Side Slough,Whisker's Creek Trib Mouth,Whiskers Creek Side Slough_reference_42410_10,Feb,Tribuary Mouth,reference,62.3743,-150.168,10,2,0,2,1,6.52,40.7,0.02,0.006096,30,27,0.1,12.82,3,0,silt/gravel
2/6/2015,2015,Wiggle Slough,Wiggle Slough,Wiggle Slough_reference_42041_1,Feb,US,reference,62.34953,-150.101,1,3,2,1,1,7.2,42.8,0.6,0.18288,32,27,0.2,12.27,5,58,silt
2/6/2015,2015,Wiggle Slough,Wiggle Slough,Wiggle Slough_reference_42041_2,Feb,US,reference,62.34953,-150.101,2,0,0,0,0,7.35,48.5,0.44,0.134112,25,20,0.2,12.13,5,58,silt
2/6/2015,2015,Wiggle Slough,Wiggle Slough,Wiggle Slough_reference_42041_3,Feb,US,reference,62.34953,-150.101,3,3,3,0,0,6.93,48.7,0.18,0.054864,22,12,0.4,11.69,10,58,silt/cobble
2/6/2015,2015,Wiggle Slough,Wiggle Slough,Wiggle Slough_reference_42041_4,Feb,US,reference,62.34953,-150.101,4,0,0,0,0,7.12,48.5,0.61,0.185928,25,15,0.3,12.18,10,58,silt/cobble
2/6/2015,2015,Wiggle Slough,Wiggle Slough,Wiggle Slough_reference_42041_5,Feb,US,reference,62.34953,-150.101,5,0,0,0,0,7.26,48.7,0.22,0.067056,21,11,0.3,12.41,10,58,gravel
2/6/2015,2015,Wiggle Slough,Wiggle Slough,Wiggle Slough_reference_42041_6,Feb,US,reference,62.34953,-150.101,6,0,0,0,0,7.34,48.3,0.74,0.225552,17,12,0.3,11.91,5,58,gravel/cobble
2/6/2015,2015,Wiggle Slough,Wiggle Slough,Wiggle Slough_reference_42041_7,Feb,US,reference,62.34953,-150.101,7,0,0,0,0,7.36,48.6,0.47,0.143256,27,17,0.5,11.22,10,58,silt
2/6/2015,2015,Wiggle Slough,Wiggle Slough,Wiggle Slough_reference_42041_8,Feb,US,reference,62.34953,-150.101,8,0,0,0,0,7.45,48.7,0.5,0.1524,25,15,0.3,11.25,10,58,silt/sand
2/6/2015,2015,Wiggle Slough,Wiggle Slough,Wiggle Slough_reference_42041_9,Feb,US,reference,62.34953,-150.101,9,5,3,2,0,7.27,48.8,0.5,0.1524,32,25,0.4,11.21,7,58,silt
2/6/2015,2015,Wiggle Slough,Wiggle Slough,Wiggle Slough_reference_42041_10,Feb,US,reference,62.34953,-150.101,10,0,0,0,0,7.24,44.2,0.01,0.003048,28,23,0.4,10.32,5,58,silt
2/6/2015,2015,Wiggle Slough,Wiggle Slough beaver pond,Wiggle Slough_beaver pond_42041_1,Feb,US Beaver Pond,beaver pond,62.34953,-150.101,1,21,7,14,0,7.69,35.6,0,0,150,95,0.1,10.09,55,73,
2/6/2015,2015,Wiggle Slough,Wiggle Slough beaver pond,Wiggle Slough_beaver pond_42041_2,Feb,US Beaver Pond,beaver pond,62.34953,-150.101,2,21,10,11,0,7.15,35.5,0,0,140,90,0.1,11.05,50,73,
2/6/2015,2015,Wiggle Slough,Wiggle Slough beaver pond,Wiggle Slough_beaver pond_42041_3,Feb,US Beaver Pond,beaver pond,62.34953,-150.101,3,18,3,15,0,7.11,37.3,0,0,140,95,0.1,9.88,45,73,
2/6/2015,2015,Wiggle Slough,Wiggle Slough beaver pond,Wiggle Slough_beaver pond_42041_4,Feb,US Beaver Pond,beaver pond,62.34953,-150.101,4,18,3,15,0,7.33,49,0,0,165,110,0.2,10,55,73,
2/6/2015,2015,Wiggle Slough,Wiggle Slough beaver pond,Wiggle Slough_beaver pond_42041_5,Feb,US Beaver Pond,beaver pond,62.34953,-150.101,5,50,21,29,0,7.15,48.6,0,0,130,85,0.1,9.83,45,73,
2/6/2015,2015,Wiggle Slough,Wiggle Slough beaver pond,Wiggle Slough_beaver pond_42041_6,Feb,US Beaver Pond,beaver pond,62.34953,-150.101,6,42,21,21,0,7.15,47.4,0,0,95,55,0.1,10.23,40,73,
2/6/2015,2015,Wiggle Slough,Wiggle Slough beaver pond,Wiggle Slough_beaver pond_42041_7,Feb,US Beaver Pond,beaver pond,62.34953,-150.101,7,42,30,12,0,7.87,40,0,0,85,50,0.1,11.08,35,73,
2/6/2015,2015,Wiggle Slough,Wiggle Slough beaver pond,Wiggle Slough_beaver pond_42041_8,Feb,US Beaver Pond,beaver pond,62.34953,-150.101,8,15,5,10,0,7.73,47.2,0,0,141,101,0.1,10.32,40,73,
2/6/2015,2015,Wiggle Slough,Wiggle Slough beaver pond,Wiggle Slough_beaver pond_42041_9,Feb,US Beaver Pond,beaver pond,62.34953,-150.101,9,10,4,6,0,7.42,48.7,0,0,135,85,0.1,10.01,50,73,
